{"cameraMode":{"drawMode":0,"name":"Shaded","section":"Shading Mode"},"sceneLighting":false,"audioPlay":false,"sceneViewState":{"showFog":true,"showMaterialUpdate":false,"showSkybox":false,"showFlares":true,"showImageEffects":true,"showParticleSystems":true},"in2DMode":false,"pivot":{"x":-1.8752355575561524,"y":0.5681114196777344,"z":17.406688690185548},"rotation":{"x":0.07279763370752335,"y":-0.7827691435813904,"z":0.0935550183057785,"w":0.6110290884971619},"size":12.663586616516114,"orthographic":false}