{"cameraMode":{"drawMode":0,"name":"Shaded","section":"Shading Mode"},"sceneLighting":false,"audioPlay":false,"sceneViewState":{"showFog":true,"showMaterialUpdate":false,"showSkybox":false,"showFlares":true,"showImageEffects":true,"showParticleSystems":true},"in2DMode":false,"pivot":{"x":-0.875,"y":0.0007424354553222656,"z":0.6250038146972656},"rotation":{"x":0.2073913812637329,"y":0.16779953241348267,"z":-0.036133673042058948,"w":0.963083803653717},"size":13.4616060256958,"orthographic":false}