{"cameraMode":{"drawMode":0,"name":"Shaded","section":"Shading Mode"},"sceneLighting":false,"audioPlay":false,"sceneViewState":{"showFog":true,"showMaterialUpdate":false,"showSkybox":false,"showFlares":true,"showImageEffects":true,"showParticleSystems":true},"in2DMode":false,"pivot":{"x":-4.27975606918335,"y":5.6043901443481449,"z":-1.0037260055541993},"rotation":{"x":0.005303432699292898,"y":-0.9918663501739502,"z":0.11991066485643387,"w":0.04358106851577759},"size":3.3341896533966066,"orthographic":false}