{"cameraMode":{"drawMode":0,"name":"Shaded","section":"Shading Mode"},"sceneLighting":false,"audioPlay":false,"sceneViewState":{"showFog":true,"showMaterialUpdate":false,"showSkybox":false,"showFlares":true,"showImageEffects":true,"showParticleSystems":true},"in2DMode":false,"pivot":{"x":-1.3214272260665894,"y":-1.0583207607269288,"z":16.47064781188965},"rotation":{"x":0.08385651558637619,"y":-0.9118876457214356,"z":0.2351566106081009,"w":0.3259844183921814},"size":3.8819453716278078,"orthographic":false}