{"cameraMode":{"drawMode":0,"name":"Shaded","section":"Shading Mode"},"sceneLighting":false,"audioPlay":false,"sceneViewState":{"showFog":true,"showMaterialUpdate":false,"showSkybox":false,"showFlares":true,"showImageEffects":true,"showParticleSystems":true},"in2DMode":false,"pivot":{"x":0.15222549438476563,"y":0.9420788288116455,"z":-0.06772375106811524},"rotation":{"x":-0.004968936555087566,"y":-0.9719736576080322,"z":0.020723817870020868,"w":-0.2343440055847168},"size":5.118723392486572,"orthographic":false}