{"cameraMode":{"drawMode":0,"name":"Shaded","section":"Shading Mode"},"sceneLighting":false,"audioPlay":false,"sceneViewState":{"showFog":true,"showMaterialUpdate":false,"showSkybox":false,"showFlares":true,"showImageEffects":true,"showParticleSystems":true},"in2DMode":false,"pivot":{"x":-2.5957508087158205,"y":5.749113082885742,"z":0.09287786483764649},"rotation":{"x":-0.002558805514127016,"y":-0.9870035648345947,"z":-0.015985051169991494,"w":0.16020861268043519},"size":4.7339043617248539,"orthographic":false}