{"cameraMode":{"drawMode":0,"name":"Shaded","section":"Shading Mode"},"sceneLighting":false,"audioPlay":false,"sceneViewState":{"showFog":true,"showMaterialUpdate":false,"showSkybox":false,"showFlares":true,"showImageEffects":true,"showParticleSystems":true},"in2DMode":false,"pivot":{"x":-0.012067824602127076,"y":0.5676363706588745,"z":2.417907476425171},"rotation":{"x":-0.04112682491540909,"y":0.8597396612167358,"z":-0.07004106044769287,"w":-0.5042792558670044},"size":1.8883609771728516,"orthographic":false}