{"cameraMode":{"drawMode":0,"name":"Shaded","section":"Shading Mode"},"sceneLighting":false,"audioPlay":false,"sceneViewState":{"showFog":true,"showMaterialUpdate":false,"showSkybox":false,"showFlares":true,"showImageEffects":true,"showParticleSystems":true},"in2DMode":false,"pivot":{"x":0.6461453437805176,"y":0.12290763854980469,"z":11.395689010620118},"rotation":{"x":0.043485209345817569,"y":-0.8935476541519165,"z":0.08911218494176865,"w":0.4380371570587158},"size":5.982391834259033,"orthographic":false}