{"cameraMode":{"drawMode":0,"name":"Shaded","section":"Shading Mode"},"sceneLighting":false,"audioPlay":false,"sceneViewState":{"showFog":true,"showMaterialUpdate":false,"showSkybox":false,"showFlares":true,"showImageEffects":true,"showParticleSystems":true},"in2DMode":false,"pivot":{"x":-0.9751262664794922,"y":11.789073944091797,"z":3.7784218788146974},"rotation":{"x":-0.08686848729848862,"y":-0.787483811378479,"z":-0.11384683102369309,"w":0.5995815992355347},"size":23.51382827758789,"orthographic":false}