{"cameraMode":{"drawMode":0,"name":"Shaded","section":"Shading Mode"},"sceneLighting":false,"audioPlay":false,"sceneViewState":{"showFog":true,"showMaterialUpdate":false,"showSkybox":false,"showFlares":true,"showImageEffects":true,"showParticleSystems":true},"in2DMode":false,"pivot":{"x":1.1193715333938599,"y":0.5638084411621094,"z":-1.1699514389038087},"rotation":{"x":0.1660449355840683,"y":0.006033051293343306,"z":-0.0010428440291434527,"w":0.9861544370651245},"size":19.069721221923829,"orthographic":false}