{"cameraMode":{"drawMode":0,"name":"Shaded","section":"Shading Mode"},"sceneLighting":false,"audioPlay":false,"sceneViewState":{"showFog":true,"showMaterialUpdate":false,"showSkybox":false,"showFlares":true,"showImageEffects":true,"showParticleSystems":true},"in2DMode":false,"pivot":{"x":-1.7730989456176758,"y":7.076695919036865,"z":1.069727897644043},"rotation":{"x":0.013119356706738472,"y":-0.8906048536300659,"z":0.025648614391684533,"w":0.4539801776409149},"size":1.0308942794799805,"orthographic":false}