{"cameraMode":{"drawMode":0,"name":"Shaded","section":"Shading Mode"},"sceneLighting":false,"audioPlay":false,"sceneViewState":{"showFog":true,"showMaterialUpdate":false,"showSkybox":false,"showFlares":true,"showImageEffects":true,"showParticleSystems":true},"in2DMode":false,"pivot":{"x":4.310614109039307,"y":1.1782383918762208,"z":16.5790958404541},"rotation":{"x":0.043485209345817569,"y":-0.8935476541519165,"z":0.08911218494176865,"w":0.4380371570587158},"size":1.3617265224456788,"orthographic":false}