{"cameraMode":{"drawMode":0,"name":"Shaded","section":"Shading Mode"},"sceneLighting":true,"audioPlay":false,"sceneViewState":{"showFog":true,"showMaterialUpdate":false,"showSkybox":false,"showFlares":true,"showImageEffects":true,"showParticleSystems":true},"in2DMode":false,"pivot":{"x":0.527999997138977,"y":0.5981140732765198,"z":3.25},"rotation":{"x":0.020969469100236894,"y":0.06747283786535263,"z":-0.001285747392103076,"w":0.9975327849388123},"size":6.389307975769043,"orthographic":false}