{"cameraMode":{"drawMode":0,"name":"Shaded","section":"Shading Mode"},"sceneLighting":false,"audioPlay":false,"sceneViewState":{"showFog":true,"showMaterialUpdate":false,"showSkybox":false,"showFlares":true,"showImageEffects":true,"showParticleSystems":true},"in2DMode":false,"pivot":{"x":-0.019332408905029298,"y":1.872403860092163,"z":-0.04219198226928711},"rotation":{"x":-0.09454046189785004,"y":-0.16411562263965608,"z":-0.015819579362869264,"w":0.9817963242530823},"size":5.4083452224731449,"orthographic":false}