{"cameraMode":{"drawMode":0,"name":"Shaded","section":"Shading Mode"},"sceneLighting":false,"audioPlay":false,"sceneViewState":{"showFog":true,"showMaterialUpdate":false,"showSkybox":false,"showFlares":true,"showImageEffects":true,"showParticleSystems":true},"in2DMode":false,"pivot":{"x":-0.5174093246459961,"y":1.3051859140396119,"z":0.015367203392088414},"rotation":{"x":0.0760093480348587,"y":-0.8491311073303223,"z":0.1272975355386734,"w":0.5069665908813477},"size":1.4272069931030274,"orthographic":false}