{"cameraMode":{"drawMode":0,"name":"Shaded","section":"Shading Mode"},"sceneLighting":false,"audioPlay":false,"sceneViewState":{"showFog":true,"showMaterialUpdate":false,"showSkybox":false,"showFlares":true,"showImageEffects":true,"showParticleSystems":true},"in2DMode":false,"pivot":{"x":-1.1800642013549805,"y":1.9484423398971558,"z":1.5576876401901246},"rotation":{"x":-0.04686165228486061,"y":0.21434925496578217,"z":-0.010307898744940758,"w":-0.9755882024765015},"size":0.2304440140724182,"orthographic":false}