{"cameraMode":{"drawMode":0,"name":"Shaded","section":"Shading Mode"},"sceneLighting":false,"audioPlay":false,"sceneViewState":{"showFog":true,"showMaterialUpdate":false,"showSkybox":false,"showFlares":true,"showImageEffects":true,"showParticleSystems":true},"in2DMode":false,"pivot":{"x":0.0,"y":0.725292980670929,"z":2.2351741790771485e-7},"rotation":{"x":-0.037975262850522998,"y":0.6102656126022339,"z":-0.029327861964702607,"w":-0.7907561659812927},"size":3.0378572940826418,"orthographic":false}