{"cameraMode":{"drawMode":0,"name":"Shaded","section":"Shading Mode"},"sceneLighting":false,"audioPlay":false,"sceneViewState":{"showFog":true,"showMaterialUpdate":false,"showSkybox":false,"showFlares":true,"showImageEffects":true,"showParticleSystems":true},"in2DMode":false,"pivot":{"x":-0.7074944972991943,"y":0.17295241355895997,"z":1.8567571640014649},"rotation":{"x":0.01784655638039112,"y":-0.9696333408355713,"z":0.23265358805656434,"w":0.07369378209114075},"size":2.2849953174591066,"orthographic":false}