{"cameraMode":{"drawMode":0,"name":"Shaded","section":"Shading Mode"},"sceneLighting":false,"audioPlay":false,"sceneViewState":{"showFog":true,"showMaterialUpdate":false,"showSkybox":false,"showFlares":true,"showImageEffects":true,"showParticleSystems":true},"in2DMode":false,"pivot":{"x":0.08300000429153443,"y":0.38572603464126589,"z":1.7139999866485596},"rotation":{"x":-0.08564700931310654,"y":0.037314511835575107,"z":-0.0031999750062823297,"w":-0.995637834072113},"size":2.9347877502441408,"orthographic":false}