{"cameraMode":{"drawMode":0,"name":"Shaded","section":"Shading Mode"},"sceneLighting":false,"audioPlay":false,"sceneViewState":{"showFog":true,"showMaterialUpdate":false,"showSkybox":false,"showFlares":true,"showImageEffects":true,"showParticleSystems":true},"in2DMode":false,"pivot":{"x":4.517849922180176,"y":1.4438259601593018,"z":6.070836067199707},"rotation":{"x":0.025276219472289087,"y":-0.9335883855819702,"z":0.06768923997879029,"w":0.3511807918548584},"size":2.5843493938446047,"orthographic":false}