{"cameraMode":{"drawMode":0,"name":"Shaded","section":"Shading Mode"},"sceneLighting":false,"audioPlay":false,"sceneViewState":{"showFog":true,"showMaterialUpdate":false,"showSkybox":false,"showFlares":true,"showImageEffects":true,"showParticleSystems":true},"in2DMode":false,"pivot":{"x":-3.2528064250946047,"y":2.1419472694396974,"z":0.9365954399108887},"rotation":{"x":-0.01670926809310913,"y":-0.9352627396583557,"z":-0.04464862123131752,"w":0.35087862610816958},"size":2.910109043121338,"orthographic":false}