{"cameraMode":{"drawMode":0,"name":"Shaded","section":"Shading Mode"},"sceneLighting":false,"audioPlay":false,"sceneViewState":{"showFog":true,"showMaterialUpdate":false,"showSkybox":false,"showFlares":true,"showImageEffects":true,"showParticleSystems":true},"in2DMode":false,"pivot":{"x":-0.03426746651530266,"y":0.031425803899765018,"z":-0.040440499782562259},"rotation":{"x":0.00021824173745699227,"y":-0.9997796416282654,"z":-0.022186677902936937,"w":-0.006779174320399761},"size":0.6397765874862671,"orthographic":false}